,Becker,PARIS,75002,01.81.30.33.94,adelaide.becker@server.fr,comptable
Adelaide,Benoit,MARSEILLE,13012,04.16.23.32.39,adelaide.benoit@server.fr,
Adelaide,Bertrand,,,02.78.55.93.77,adelaide.bertrand@server.fr,
Adelaide,Bonnin,,,02.62.45.97.67,adelaide.bonnin@server.fr,
,Faure,TOULON,83100,04.99.54.08.97,adelaide.faure@server.fr,chauffeur
Adelaide,Launay,PARIS,75012,01.04.72.47.67,adelaide.launay@server.fr,
Adelaide,Laurent,MONTPELLIER,34080,04.39.69.09.34,adelaide.laurent@server.fr,journaliste
Adelaide,Lebon,PARIS,75003,01.05.58.12.86,adelaide.lebon@server.fr,ouvrier
Adelaide,Lombard,,,04.56.11.63.24,adelaide.lombard@server.fr,
,Martel Le Lemaire,GRENOBLE,38100,04.99.65.56.28,,comptable
Adelaide,Masson,PARIS,75007,01.26.00.62.86,,boulanger
Adelaide,Pottier-Leleu,MARSEILLE,13015,04.70.89.89.12,adelaide.pottier-leleu@server.fr,
,Voisin-Bigot,PARIS,75019,01.89.18.15.27,adelaide.voisin-bigot@server.fr,
Adelaide-Gabrielle,Hernandez,LYON,69007,04.60.76.16.31,adelaide-gabrielle.hernandez@server.fr,technicien
Adele,Barthelemy,,,02.15.23.25.75,adele.barthelemy@server.fr,barman
Adele,Boucher,LYON,69003,04.82.49.17.30,adele.boucher@server.fr,
Adele,Bourgeois,TOULOUSE,31000,05.87.03.61.74,adele.bourgeois@server.fr,agriculteur
,Colas de Chauvin,NANTES,44000,02.16.92.15.46,adele.colas-de-chauvin@server.fr,chef d'entreprise
Adele,Delaunay Le Lemaire,,,05.39.30.70.29,adele.delaunay-le-lemaire@server.fr,
Adele,Delmas Le Poulain,,,02.62.73.80.93,adele.delmas-le-poulain@server.fr,
,Dupont,NANTES,44000,02.16.51.03.76,adele.dupont@server.fr,
,Dupuy,LYON,69008,04.50.03.11.01,adele.dupuy@server.fr,
,Gautier-Pierre,LYON,69008,04.52.47.87.70,,medecin
Adele,Joseph,MARSEILLE,13008,04.61.69.44.28,adele.joseph@server.fr,
Adele,Masse,MONTPELLIER,34090,04.50.48.06.82,adele.masse@server.fr,
Adele,Maurice,NICE,6200,04.23.67.78.09,adele.maurice@server.fr,technicien
Adele,Morel,PARIS,75005,01.61.90.23.50,adele.morel@server.fr,
Adele,Pascal,,,05.40.47.39.99,adele.pascal@server.fr,
,Perrin,BORDEAUX,33100,05.39.90.87.93,adele.perrin@server.fr,
Adele,Pons-Humbert,,,04.83.55.05.06,adele.pons-humbert@server.fr,
Adele,Pottier,DECINES-CHARPIEU,69150,04.89.40.96.60,adele.pottier@server.fr,
Adele,Renard,,,01.46.39.84.82,adele.renard@server.fr,barman
Adele,Renaud,,,04.99.15.92.71,adele.renaud@server.fr,
,Ledoux,,,04.90.14.19.29,adele-charlotte.ledoux@server.fr,
,Pires,PARIS,75010,01.77.05.57.36,,
Adrien,Aubry Le Huet,,,02.54.50.51.41,adrien.aubry-le-huet@server.fr,banquier
,Carre,PARIS,75016,01.98.37.50.98,adrien.carre@server.fr,acteur
Adrien,de la Mahe,,,04.12.38.40.64,adrien.de-la-mahe@server.fr,enseignant
,Dumas-Delahaye,,,03.48.20.61.07,adrien.dumas-delahaye@server.fr,comptable
Adrien,Faivre,,,04.84.38.42.21,adrien.faivre@server.fr,
Adrien,Fontaine,PARIS,75009,01.18.70.85.92,adrien.fontaine@server.fr,agriculteur
Adrien,Giraud,PARIS,75116,01.71.11.41.99,adrien.giraud@server.fr,
Adrien,Goncalves de la Boulanger,LILLE,59160,03.49.41.32.88,adrien.goncalves-de-la-boulanger@server.fr,
Adrien,Guillaume,PARIS,75003,01.20.33.87.88,adrien.guillaume@server.fr,boulanger
Adrien,Guillaume,LYON,69008,04.18.14.57.97,adrien.guillaume@server.fr,
Adrien,Guillot Le Gomez,PARIS,75003,01.74.91.47.51,adrien.guillot-le-gomez@server.fr,medecin
Adrien,Guillot Le Robert,MARSEILLE,13016,04.11.95.55.89,adrien.guillot-le-robert@server.fr,
,Jacob du Garnier,MARSEILLE,13008,04.29.97.42.09,adrien.jacob-du-garnier@server.fr,ouvrier
Adrien,Klein,,,04.89.72.66.57,adrien.klein@server.fr,avocat
Adrien,Meunier,ST ETIENNE,42100,04.99.97.66.09,adrien.meunier@server.fr,medecin
,Noel,NICE,6100,04.66.95.88.51,adrien.noel@server.fr,barman
Adrien,Pruvost,NICE,6100,04.65.84.72.72,adrien.pruvost@server.fr,
,Rodrigues,LYON,69001,04.66.98.54.39,adrien.rodrigues@server.fr,
,Thomas,STRASBOURG,67100,03.51.73.93.80,adrien.thomas@server.fr,technicien
,Morin,,,01.89.31.78.81,adrien-benoit.morin@server.fr,
Adrien-Emile,Besson,LILLE,59000,03.15.78.90.68,adrien-emile.besson@server.fr,
Adrien-Franck,Lombard,LYON,69006,04.92.06.36.04,adrien-franck.lombard@server.fr,
Adrien-Stephane,Roussel,,,01.53.97.32.03,adrien-stephane.roussel@server.fr,agriculteur
,Antoine,PARIS,75003,01.85.29.43.35,adrienne.antoine@server.fr,medecin
Adrienne,Bazin de Gilbert,,,04.81.38.58.77,adrienne.bazin-de-gilbert@server.fr,barman
Adrienne,Bonnet,PARIS,75014,01.87.00.07.18,adrienne.bonnet@server.fr,
Adrienne,Bonnin du Navarro,NICE,6000,04.73.18.22.82,adrienne.bonnin-du-navarro@server.fr,chef d'entreprise
Adrienne,Boucher,PARIS,75007,01.34.03.25.84,adrienne.boucher@server.fr,barman
Adrienne,Charpentier,MARSEILLE,13011,04.33.13.55.37,adrienne.charpentier@server.fr,
Adrienne,de Giraud,LE HAVRE,76620,02.20.25.07.27,adrienne.de-giraud@server.fr,
Adrienne,du Marechal,PARIS,75010,01.66.90.84.94,adrienne.du-marechal@server.fr,
Adrienne,du Martel,NANTES,44300,02.26.99.74.75,adrienne.du-martel@server.fr,
Adrienne,du Meunier,,,01.34.69.96.15,adrienne.du-meunier@server.fr,
Adrienne,Dubois,TOULOUSE,31500,05.04.42.14.91,adrienne.dubois@server.fr,
Adrienne,Evrard,MARSEILLE,13008,04.87.73.48.60,adrienne.evrard@server.fr,journaliste
,Guyot,,,04.22.94.08.54,adrienne.guyot@server.fr,avocat
Adrienne,Hoarau,,,05.86.90.99.86,adrienne.hoarau@server.fr,footballeur
Adrienne,Laine,TOULOUSE,31500,05.20.16.39.15,,acteur
,Leger,NANTES,44000,02.14.38.29.32,adrienne.leger@server.fr,medecin
,Masse,MARSEILLE,13014,04.15.76.22.00,adrienne.masse@server.fr,ouvrier
Adrienne,Morel,,,04.54.87.87.99,adrienne.morel@server.fr,
Adrienne,Pages,LYON,69006,04.78.35.33.87,adrienne.pages@server.fr,
Adrienne,Pasquier,,,02.04.80.50.01,adrienne.pasquier@server.fr,militaire
Adrienne,Prevost-Valentin,GRENOBLE,38000,04.98.70.01.01,adrienne.prevost-valentin@server.fr,ouvrier
Adrienne,Traore,NICE,6100,04.80.65.40.37,adrienne.traore@server.fr,
Agathe,Barbier,NICE,6200,04.00.15.25.44,agathe.barbier@server.fr,comptable
Agathe,Boucher,BORDEAUX,33000,05.53.39.48.61,agathe.boucher@server.fr,
,Clerc,,,01.23.58.98.06,agathe.clerc@server.fr,chercheur
Agathe,Da Costa du Normand,,,04.60.89.62.87,agathe.da-costa-du-normand@server.fr,avocat
Agathe,Descamps Le Hernandez,MARSEILLE,13008,04.39.59.85.39,agathe.descamps-le-hernandez@server.fr,
Agathe,Didier,LYON,69009,04.41.80.81.35,agathe.didier@server.fr,enseignant
Agathe,Dupuis,SAINT-DENIS,93200,01.85.30.85.64,agathe.dupuis@server.fr,
Agathe,Fernandes-Pottier,,,04.69.00.24.63,agathe.fernandes-pottier@server.fr,agriculteur
Agathe,Fontaine-Potier,,,03.14.99.81.90,,enseignant
Agathe,Foucher,MEYZIEU,69330,04.59.33.80.24,agathe.foucher@server.fr,
Agathe,Henry Le Dufour,TOULOUSE,31500,05.43.22.72.36,agathe.henry-le-dufour@server.fr,footballeur
Agathe,Hoareau,NICE,6200,04.91.25.67.21,agathe.hoareau@server.fr,
,Jacquot,PARIS,75005,01.89.09.31.73,,chercheur
Agathe,Le Fontaine,,,01.64.23.41.21,agathe.le-fontaine@server.fr,cuisinier
Agathe,Leclerc de Le Goff,TOULON,83100,04.98.84.24.21,agathe.leclerc-de-le-goff@server.fr,
Agathe,Maillet,LYON,69007,04.37.20.94.42,agathe.maillet@server.fr,
,Mercier,MARSEILLE,13012,04.55.64.22.98,agathe.mercier@server.fr,
Agathe,Moreno de la Roger,,,03.12.88.54.42,agathe.moreno-de-la-roger@server.fr,acteur
Agathe,Salmon,,,05.38.25.78.36,agathe.salmon@server.fr,boulanger
Agathe,Torres,LYON,69002,04.91.03.33.18,agathe.torres@server.fr,informaticien
Agathe-Philippine,Picard,,,04.04.17.26.09,,ouvrier
Agnes,Benard-Colas,ST ETIENNE,42100,04.37.93.46.69,agnes.benard-colas@server.fr,
Agnes,Blondel,BORDEAUX,33200,05.21.80.73.37,,footballeur
Agnes,Briand-Letellier,,,01.21.04.39.11,,chercheur
Agnes,Buisson,PARIS,75005,01.21.59.85.57,agnes.buisson@server.fr,footballeur
Agnes,de Bouvier,,,04.23.39.76.88,agnes.de-bouvier@server.fr,avocat
Agnes,de la Bertrand,,,04.09.24.94.07,agnes.de-la-bertrand@server.fr,agriculteur
Agnes,de Rolland,STRASBOURG,67200,03.23.91.55.95,agnes.de-rolland@server.fr,
Agnes,Dubois,,,01.14.51.14.52,agnes.dubois@server.fr,
Agnes,Etienne du Guillon,MARSEILLE,13016,04.67.57.41.40,,
Agnes,Fournier,ST ETIENNE,42100,04.46.47.49.47,agnes.fournier@server.fr,comptable
Agnes,Le Charpentier,LYON,69001,04.91.86.62.34,agnes.le-charpentier@server.fr,barman
,Le Petit,TOULOUSE,31100,05.79.54.22.39,agnes.le-petit@server.fr,
Agnes,Leblanc,NICE,6200,04.20.55.93.05,agnes.leblanc@server.fr,comptable
Agnes,Leconte,TOULOUSE,31200,05.31.62.21.78,agnes.leconte@server.fr,
,Lopez,LILLE,59160,03.66.29.04.10,agnes.lopez@server.fr,
Agnes,Maillot,NANTES,44200,02.77.59.23.59,agnes.maillot@server.fr,acteur
Agnes,Mary-Thomas,PARIS,75010,01.19.96.67.44,agnes.mary-thomas@server.fr,
Agnes,Roger,PARIS,75005,01.51.64.90.63,,medecin
Agnes,Rousseau,PARIS,75009,01.51.35.60.46,agnes.rousseau@server.fr,
Agnes,Rousseau,VILLEURBANNE,69100,04.16.15.77.95,agnes.rousseau@server.fr,boulanger
Agnes,Tessier,NICE,6200,04.95.66.55.43,agnes.tessier@server.fr,boulanger
Agnes,Thomas,TOULON,83000,04.53.42.42.64,agnes.thomas@server.fr,acteur
Agnes-Colette,Fouquet,BORDEAUX,33300,05.37.75.27.27,agnes-colette.fouquet@server.fr,avocat
Aime,Becker,PARIS,75116,01.30.86.43.76,aime.becker@server.fr,chauffeur
Aime,Besson,VILLEURBANNE,69100,04.20.54.82.82,aime.besson@server.fr,enseignant
Aime,Boucher,NANTES,44100,02.88.88.13.84,aime.boucher@server.fr,acteur
Aime,Chartier,,,01.43.74.14.13,,technicien
Aime,Collin,CHAMPAGNE-AU-MONT-D'OR,69410,04.69.13.38.27,aime.collin@server.fr,medecin
Aime,Coulon,SAINT-DENIS,93210,01.73.45.38.01,aime.coulon@server.fr,
Aime,Coulon,SAINT-DENIS,93210,01.76.45.76.79,aime.coulon@server.fr,cuisinier
,de la Lemoine,NICE,6200,04.30.81.71.05,aime.de-la-lemoine@server.fr,chercheur
Aime,de Poulain,PARIS,75116,01.05.23.22.77,aime.de-poulain@server.fr,
Aime,De Sousa-Andre,LE HAVRE,76600,02.99.28.57.52,aime.de-sousa-andre@server.fr,ouvrier
Aime,Didier de Le Gall,,,05.30.54.91.53,aime.didier-de-le-gall@server.fr,barman
Aime,du Monnier,PARIS,75007,01.85.75.65.86,aime.du-monnier@server.fr,
,Gerard de la Barthelemy,PARIS,75004,01.82.81.87.15,aime.gerard-de-la-barthelemy@server.fr,
Aime,Germain de la Petit,PARIS,75012,01.46.28.20.74,aime.germain-de-la-petit@server.fr,
Aime,Gilles,TOULOUSE,31000,05.28.76.83.15,aime.gilles@server.fr,medecin
Aime,Gilles-Thierry,MARSEILLE,13013,04.16.35.60.80,aime.gilles-thierry@server.fr,
Aime,Goncalves-Cordier,MARSEILLE,13007,04.88.53.11.40,aime.goncalves-cordier@server.fr,agriculteur
Aime,Hebert,,,03.63.99.34.12,aime.hebert@server.fr,militaire
Aime,Jourdan,NANTES,44100,02.42.47.52.70,aime.jourdan@server.fr,
,Launay,LE HAVRE,76620,02.89.27.30.48,aime.launay@server.fr,
Aime,Le Menard,PARIS,75009,01.01.11.74.78,aime.le-menard@server.fr,enseignant
,Le Roux,LYON,69009,04.51.84.07.15,,
,Loiseau,PARIS,75008,01.23.87.57.36,aime.loiseau@server.fr,
Aime,Mace,,,04.40.53.96.83,aime.mace@server.fr,ouvrier
,Masson,MARSEILLE,13011,04.81.59.11.96,aime.masson@server.fr,comptable
,Perrier-Guichard,PARIS,75018,01.80.22.59.36,aime.perrier-guichard@server.fr,footballeur
Aime,Petit,,,05.33.73.33.10,aime.petit@server.fr,
,Pierre,LE HAVRE,76600,02.20.50.36.14,aime.pierre@server.fr,chauffeur
,Pottier,,,05.76.32.20.49,aime.pottier@server.fr,journaliste
Aime,Regnier,LE HAVRE,76610,02.73.70.81.80,aime.regnier@server.fr,
Aime,Roussel,MARSEILLE,13008,04.30.47.52.03,aime.roussel@server.fr,barman
,Royer Le Martel,PARIS,75004,01.16.24.09.39,aime.royer-le-martel@server.fr,technicien
Aime,Ruiz,PARIS,75017,01.01.51.90.02,aime.ruiz@server.fr,technicien
,Ruiz Le Picard,MARSEILLE,13013,04.70.43.52.06,aime.ruiz-le-picard@server.fr,
Aime,Torres,PARIS,75017,01.38.11.26.08,aime.torres@server.fr,chauffeur
Aime,Toussaint-Lenoir,MARSEILLE,13013,04.25.31.87.62,aime.toussaint-lenoir@server.fr,cuisinier
Aime,Vallet,TOULOUSE,31300,05.25.11.64.21,aime.vallet@server.fr,
,Vincent,PARIS,75004,01.32.82.21.66,aime.vincent@server.fr,boulanger
Aime-Jacques,Leduc,PARIS,75002,01.20.36.44.26,aime-jacques.leduc@server.fr,
,Dubois,STRASBOURG,67200,03.20.81.53.76,aime-raymond.dubois@server.fr,footballeur
Aime-Thibaut,Germain,PARIS,75017,01.07.82.58.28,aime-thibaut.germain@server.fr,acteur
Aimee,Bonneau,,,05.14.98.82.95,aimee.bonneau@server.fr,cuisinier
,Carlier,TOULON,83000,04.60.26.37.13,aimee.carlier@server.fr,boulanger
,de la Bernier,PARIS,75001,01.01.80.86.41,aimee.de-la-bernier@server.fr,ouvrier
Aimee,De Sousa,MARSEILLE,13003,04.63.22.17.12,aimee.de-sousa@server.fr,
Aimee,du Maillot,,,05.50.14.92.65,aimee.du-maillot@server.fr,chef d'entreprise
Aimee,Dupont,TOULOUSE,31000,05.73.81.26.48,aimee.dupont@server.fr,enseignant
Aimee,Guillot,STRASBOURG,67200,03.88.16.07.81,,
,Jacquet,RENNES,35000,02.65.60.96.81,,banquier
Aimee,Klein,,,01.62.25.45.13,aimee.klein@server.fr,chauffeur
Aimee,Laurent de Potier,,,01.82.88.03.61,aimee.laurent-de-potier@server.fr,
Aimee,Le Guichard,LYON,69009,04.38.68.45.59,aimee.le-guichard@server.fr,
,Le Laine,PARIS,75014,01.08.74.30.76,,cuisinier
,Mace-Lemonnier,,,05.11.73.43.64,aimee.mace-lemonnier@server.fr,
Aimee,Marchal,LYON,69001,04.49.62.16.61,aimee.marchal@server.fr,cuisinier
,Martin,LE HAVRE,76610,02.33.29.34.52,aimee.martin@server.fr,chercheur
Aimee,Morin,PARIS,75001,01.05.25.84.27,aimee.morin@server.fr,
Aimee,Royer,CALUIRE-ET-CUIRE,69300,04.77.66.84.46,aimee.royer@server.fr,
Aimee,Teixeira,MONTPELLIER,34090,04.49.34.01.96,aimee.teixeira@server.fr,technicien
,Verdier,PARIS,75006,01.04.11.57.29,aimee.verdier@server.fr,
Aimee-Luce,Benard,PARIS,75015,01.78.08.87.04,aimee-luce.benard@server.fr,technicien
,Seguin,MARSEILLE,13016,04.61.64.78.66,aimee-sylvie.seguin@server.fr,architecte
Alain,Allard,TOULOUSE,31000,05.52.67.46.27,alain.allard@server.fr,chercheur
Alain,Alves,TOULOUSE,31500,05.40.65.96.84,alain.alves@server.fr,militaire
Alain,Barre,MARSEILLE,13013,04.87.89.66.69,alain.barre@server.fr,chercheur
Alain,Benard de la Leger,,,04.99.41.32.36,alain.benard-de-la-leger@server.fr,footballeur
Alain,Besnard,,,01.42.34.72.65,alain.besnard@server.fr,acteur
,Clement,MONTPELLIER,34070,04.80.96.86.97,alain.clement@server.fr,technicien
Alain,Couturier,BORDEAUX,33300,05.25.67.95.51,alain.couturier@server.fr,
Alain,de Monnier,MARSEILLE,13009,04.26.76.04.59,alain.de-monnier@server.fr,acteur
Alain,Delorme,NICE,6000,04.36.09.23.68,,journaliste
Alain,Dos Santos Le Giraud,SAINT-DENIS,93210,01.50.16.63.29,alain.dos-santos-le-giraud@server.fr,journaliste
,du Merle,,,01.77.75.05.26,alain.du-merle@server.fr,technicien
Alain,Gosselin,VILLEURBANNE,69100,04.88.92.41.69,alain.gosselin@server.fr,medecin
Alain,Launay,,,04.64.26.37.67,alain.launay@server.fr,enseignant
Alain,Lecoq,,,04.63.83.55.75,alain.lecoq@server.fr,
Alain,Lefebvre,PARIS,75008,01.81.42.73.01,alain.lefebvre@server.fr,militaire
Alain,Lefevre,TOULOUSE,31500,05.15.21.53.95,alain.lefevre@server.fr,informaticien
Alain,Legrand,MONTPELLIER,34000,04.07.02.73.78,alain.legrand@server.fr,chef d'entreprise
Alain,Marie,TOULOUSE,31300,05.27.46.66.05,alain.marie@server.fr,
Alain,Menard-Mace,LILLE,59260,03.31.33.75.13,alain.menard-mace@server.fr,boulanger
Alain,Pineau,TOULON,83000,04.44.03.00.84,alain.pineau@server.fr,journaliste
Alain,Rousseau,,,02.58.00.44.67,alain.rousseau@server.fr,
Alain,Roussel,,,05.34.15.65.99,alain.roussel@server.fr,
,Sanchez,NANTES,44100,02.82.53.48.16,alain.sanchez@server.fr,informaticien
Alain,Simon,LYON,69002,04.26.28.92.01,alain.simon@server.fr,journaliste
Alain,Vaillant,LYON,69009,04.21.80.58.23,alain.vaillant@server.fr,
Alain,Voisin,MONTPELLIER,34000,04.98.04.41.59,alain.voisin@server.fr,
Alain-Gerard,Duval,TOULOUSE,31000,05.35.23.37.07,alain-gerard.duval@server.fr,
Alain-Nicolas,Colin,TOULOUSE,31100,05.74.76.00.20,alain-nicolas.colin@server.fr,
Alain-Theophile,Leleu,RENNES,35000,02.02.72.69.15,alain-theophile.leleu@server.fr,
Alex,Allain,LYON,69009,04.44.61.44.48,alex.allain@server.fr,banquier
Alex,Aubert Le Guyon,STRASBOURG,67100,03.00.37.67.72,alex.aubert-le-guyon@server.fr,
Alex,Aubry,MARSEILLE,13009,04.24.90.19.52,alex.aubry@server.fr,boulanger
Alex,Bourdon,,,04.96.56.43.63,alex.bourdon@server.fr,
,Brun,,,04.30.56.66.17,alex.brun@server.fr,informaticien
Alex,Brun,NICE,6200,04.89.06.05.74,alex.brun@server.fr,
Alex,Charles-Martin,,,03.04.50.56.12,alex.charles-martin@server.fr,chercheur
Alex,Dufour,LYON,69008,04.86.11.11.30,alex.dufour@server.fr,
,Faure,MARSEILLE,13013,04.82.41.45.30,alex.faure@server.fr,
,Lagarde du Perrier,STRASBOURG,67000,03.07.12.74.81,alex.lagarde-du-perrier@server.fr,informaticien
Alex,Leclercq,MARSEILLE,13013,04.90.18.97.58,alex.leclercq@server.fr,cuisinier
Alex,Mace du Ollivier,LYON,69003,04.45.18.40.52,,chauffeur
,Maillot de la Jacob,MARSEILLE,13008,04.26.67.92.19,,
Alex,Marie,RENNES,35000,02.09.16.06.98,alex.marie@server.fr,comptable
Alex,Raymond,PIERRE BENITE,69310,04.80.76.61.22,alex.raymond@server.fr,
Alex,Raynaud,MARSEILLE,13013,04.69.71.50.48,alex.raynaud@server.fr,ouvrier
Alex,Sauvage,MARSEILLE,13015,04.14.29.68.84,alex.sauvage@server.fr,boulanger
Alex,Valette,,,01.89.49.60.73,alex.valette@server.fr,
,Vallet,MARSEILLE,13008,04.57.49.59.61,alex.vallet@server.fr,
Alex-Elodie,Giraud,,,02.82.02.61.96,alex-elodie.giraud@server.fr,
,Mary,,,04.05.38.17.46,alex-gabrielle.mary@server.fr,ouvrier
Alexandre,Berthelot,,,04.26.36.82.16,alexandre.berthelot@server.fr,
Alexandre,Cousin-Bodin,TOULOUSE,31200,05.02.34.46.12,alexandre.cousin-bodin@server.fr,
Alexandre,de la Aubry,,,04.88.75.16.89,alexandre.de-la-aubry@server.fr,ouvrier
Alexandre,Dos Santos de la Pereira,SAINT-DENIS,93210,01.27.04.63.81,,
,Dupuy,MARSEILLE,13013,04.76.46.77.16,alexandre.dupuy@server.fr,
Alexandre,Faivre,AIX-EN-PROVENCE,13080,04.39.63.79.79,alexandre.faivre@server.fr,
Alexandre,Fernandez,BRON,69500,04.98.06.28.62,alexandre.fernandez@server.fr,journaliste
Alexandre,Gay,MARSEILLE,13011,04.35.99.08.15,alexandre.gay@server.fr,
Alexandre,Georges,TOULON,83100,04.62.22.87.52,alexandre.georges@server.fr,enseignant
Alexandre,Guilbert,,,04.11.44.26.88,,
Alexandre,Guillot,,,03.07.86.21.80,alexandre.guillot@server.fr,
,Jacques du Gonzalez,,,04.78.51.90.93,alexandre.jacques-du-gonzalez@server.fr,agriculteur
Alexandre,Lacombe,MARSEILLE,13002,04.40.27.16.93,alexandre.lacombe@server.fr,banquier
Alexandre,Lambert,MARSEILLE,13001,04.89.73.57.01,,
Alexandre,Le Ruiz,MARSEILLE,13002,04.68.14.33.59,alexandre.le-ruiz@server.fr,agriculteur
Alexandre,Marchal,MONTPELLIER,34070,04.08.73.00.09,alexandre.marchal@server.fr,
Alexandre,Marechal,,,04.17.09.84.10,alexandre.marechal@server.fr,
Alexandre,Robert,,,04.57.43.03.13,alexandre.robert@server.fr,
Alexandre,Rolland,LYON,69003,04.71.46.90.17,alexandre.rolland@server.fr,
Alexandre,Roussel de la Rodrigues,NICE,6200,04.27.43.25.10,alexandre.roussel-de-la-rodrigues@server.fr,
Alexandre-Gilbert,Lesage,PARIS,75008,01.63.00.32.86,alexandre-gilbert.lesage@server.fr,
Alexandre-Luc,Daniel,PARIS,75004,01.88.19.10.32,alexandre-luc.daniel@server.fr,journaliste
Alexandre-Marcel,Toussaint,NICE,6200,04.23.98.14.31,alexandre-marcel.toussaint@server.fr,technicien
,Barbier-Ramos,LYON,69001,04.40.59.10.79,,journaliste
Alexandria,Bazin,,,04.12.05.72.76,alexandria.bazin@server.fr,
,Bernier,,,04.32.82.55.94,alexandria.bernier@server.fr,architecte
Alexandria,Bodin,,,04.37.81.65.90,alexandria.bodin@server.fr,journaliste
Alexandria,Colin,MARSEILLE,13010,04.09.41.85.45,alexandria.colin@server.fr,cuisinier
Alexandria,Coulon-Texier,PARIS,75017,01.98.01.27.06,alexandria.coulon-texier@server.fr,
Alexandria,de la Baron,,,04.58.17.59.52,alexandria.de-la-baron@server.fr,journaliste
Alexandria,de la Bruneau,MARSEILLE,13016,04.11.51.02.06,alexandria.de-la-bruneau@server.fr,cuisinier
Alexandria,Diallo-Dumont,,,04.11.87.92.94,alexandria.diallo-dumont@server.fr,chef d'entreprise
Alexandria,du Coulon,PARIS,75017,01.18.91.77.95,alexandria.du-coulon@server.fr,chauffeur
Alexandria,Faure,,,04.24.19.53.02,alexandria.faure@server.fr,
